{"mode": "train", "epoch": 1, "iter": 50, "lr": 0.0005, "time": 0.97258, "data_time": 0.03408, "memory": 3472, "loss_rpn_cls": 0.01717, "loss_rpn_bbox": 0.02216, "loss_semantic_seg": 0.16378, "s0.loss_cls": 0.33863, "s0.acc": 84.55469, "s0.loss_bbox": 0.08503, "s0.loss_mask": 0.54235, "s1.loss_cls": 0.2039, "s1.acc": 80.36973, "s1.loss_bbox": 0.0949, "s1.loss_mask": 0.69489, "s2.loss_cls": 0.12088, "s2.acc": 72.56468, "s2.loss_bbox": 0.06268, "s2.loss_mask": 0.22321, "loss": 2.56959}
